{
  "행복": {
    "intro": [
      "오늘 표정이 밝아요 😊 무슨 좋은 일 있으셨어요?",
      "기분이 좋아 보이네요 ☀️ 어떤 일이 있었나요?",
      "행복한 에너지가 느껴져요! 오늘 하루 어땠어요?"
    ],
    "keywords": {
      "사람": [
        "좋은 사람들과 함께하면 마음이 따뜻해지죠.",
        "소중한 관계가 행복의 원천이에요 🌿",
        "그 사람들과의 시간이 정말 힘이 되었겠어요."
      ],
      "성취": [
        "노력한 만큼 결과가 따를 때 정말 뿌듯하죠!",
        "당신의 성취가 주변에도 좋은 자극이 될 거예요.",
        "스스로를 자랑스러워해도 돼요 💪"
      ],
      "일상": [
        "소소한 행복이 하루를 빛나게 하죠 🌸",
        "그 평범한 순간이 가장 특별한 거예요.",
        "오늘 같은 날은 그냥 그대로 감사하게 느껴지죠."
      ],
      "기타": [
        "행복을 느낀다는 건 참 소중한 일이에요.",
        "그 마음이 오래 이어지길 바라요 🌈",
        "오늘의 기분을 잘 간직해보세요."
      ]
    },
    "followups": [
      "그 일에서 특히 기억에 남는 순간이 있나요?",
      "이 행복이 오래 이어지려면 무엇이 필요할까요?",
      "지금 이 마음을 다른 사람과 나누고 싶나요?"
    ]
  },
  "슬픔": {
    "intro": [
      "마음이 조금 무거워 보이네요 😢 괜찮으세요?",
      "요즘 속상한 일이 있으신가요?",
      "오늘은 유난히 힘들어 보이네요. 무슨 일 있으셨나요?"
    ],
    "keywords": {
      "사람": [
        "사람 때문에 마음이 다치는 일은 정말 힘들죠.",
        "가까운 사람일수록 더 아프게 느껴질 때가 있어요.",
        "그 관계가 당신에게 얼마나 중요했는지 느껴져요."
      ],
      "일": [
        "노력했는데 원하는 결과가 없으면 정말 속상하죠.",
        "요즘 일 때문에 스트레스가 많으신가 봐요.",
        "그만큼 진심을 다했다는 뜻이겠죠."
      ],
      "외로움": [
        "혼자라고 느낄 때 세상이 더 차갑게 느껴지죠.",
        "그 외로움, 그냥 느껴도 괜찮아요.",
        "가끔은 혼자 있는 시간도 회복의 시간이 되기도 해요."
      ],
      "기타": [
        "지금처럼 솔직하게 이야기해주는 것만으로도 큰 용기예요.",
        "마음이 아플 땐 스스로를 조금 더 다정하게 대해주세요.",
        "지금 이 순간도 당신은 충분히 잘하고 있어요 💙"
      ]
    },
    "followups": [
      "그 감정을 누구와 나누면 조금 나아질까요?",
      "조금이라도 마음이 편해지는 건 어떤 순간일까요?",
      "당신에게 위로가 되는 건 어떤 거예요?"
    ]
  },
  "화남": {
    "intro": [
      "얼굴이 조금 굳어 있네요 😠 무슨 일 때문에 화가 나셨어요?",
      "감정이 많이 올라온 것 같아요. 이야기해주실래요?",
      "속상한 일이 있었던 것 같아요. 괜찮아요, 천천히 말씀해보세요."
    ],
    "keywords": {
      "사람": [
        "사람에게 받은 상처는 쉽게 사라지지 않죠.",
        "그 사람이 당신의 노력을 몰라줘서 더 화가 나셨겠어요.",
        "당신의 감정은 정당해요. 그건 자연스러운 반응이에요."
      ],
      "일": [
        "열심히 했는데 인정받지 못하면 정말 화나죠.",
        "그 상황에서 참기 어려웠을 것 같아요.",
        "그 일에 얼마나 신경을 썼는지 느껴져요."
      ],
      "스트레스": [
        "스트레스가 쌓이면 사소한 일에도 폭발하게 되죠.",
        "그 감정을 억누르지 말고 조금씩 풀어내보세요.",
        "스스로를 몰아세우지 않아도 괜찮아요."
      ],
      "기타": [
        "화는 때로 상처의 다른 얼굴이에요.",
        "그 감정을 숨기기보다 이렇게 표현하는 게 훨씬 건강해요.",
        "지금은 자신을 조금 더 이해해주는 게 필요할지도 몰라요."
      ]
    },
    "followups": [
      "그 상황에서 가장 답답했던 건 뭐였어요?",
      "시간이 지나면 이 감정은 어떻게 변할 것 같아요?",
      "지금은 어떤 게 당신을 조금 진정시켜줄까요?"
    ]
  },
  "놀람": {
    "intro": [
      "놀란 표정이에요 😲 무슨 일이 있었나요?",
      "예상치 못한 상황을 겪으신 것 같아요.",
      "깜짝 놀랄 만한 일이 있었던 걸까요?"
    ],
    "keywords": {
      "사건": [
        "갑작스러운 일이라 많이 당황하셨을 것 같아요.",
        "그 순간 정말 정신이 없었겠어요.",
        "그 일은 누구라도 놀랄만해요."
      ],
      "좋은소식": [
        "정말 기분 좋은 놀람이네요! 🎉",
        "그런 순간은 하루를 특별하게 만들어주죠.",
        "뜻밖의 행운이 찾아왔네요 🍀"
      ],
      "나쁜소식": [
        "그 소식을 듣고 마음이 많이 무거우셨겠어요.",
        "예상치 못한 일이라 감정이 복잡했을 것 같아요.",
        "그런 일은 누구라도 힘들죠."
      ],
      "기타": [
        "세상은 참 예기치 않은 일들로 가득하죠.",
        "그 놀라운 경험이 당신에게 어떤 의미로 남을까요?",
        "지금은 조금 진정되셨나요?"
      ]
    },
    "followups": [
      "그 일 이후로 마음이 어떻게 변했어요?",
      "놀람 뒤에 어떤 감정이 따라왔나요?",
      "그 경험에서 가장 인상 깊었던 건 뭐였어요?"
    ]
  }
}
